{
        "children": [
  {
    "Reason": "Check Time",
    "Amount": "72"
  },
  {
    "Reason": "Makeup Check",
    "Amount": "14"
  },
  {
    "Reason": "Hair Check",
    "Amount": "21"
  },
  {
    "Reason": "PPT Photo",
    "Amount": "9"
  },
  {
    "Reason": "Post iContact",
    "Amount": "12"
  },
  {
    "Reason": "No Small Talk",
    "Amount": "8"
  },
  {
    "Reason": "Avoid Prof",
    "Amount": "9"
  },
  {
    "Reason": "Boredom",
    "Amount": "63"
  },
  {
    "Reason": "Song Change",
    "Amount": "37"
  },
  {
    "Reason": "Notification",
    "Amount": "56"
  },
  {
    "Reason": "Sneak Snapchat",
    "Amount": "11"
  },
  {
    "Reason": "Phone Call",
    "Amount": "6"
  },
  {
    "Reason": "Calculator",
    "Amount": "5"
  },
  {
    "Reason": "Check Date",
    "Amount": "11"
  }
]
    }