{
"children":[
  {
    "Reason": "Phone Call",
    "Amount": 15
  },
  {
    "Reason": "Gym Songs",
    "Amount": 9
  },
  {
    "Reason": "Schedule Look Up",
    "Amount": 18
  },
  {
    "Reason": "GPS",
    "Amount": 4
  },
  {
    "Reason": "Email",
    "Amount": 34
  },
  {
    "Reason": "Game",
    "Amount": 4
  },
  {
    "Reason": "Snapchat",
    "Amount": 26
  },
  {
    "Reason": "Video",
    "Amount": 3
  },
  {
    "Reason": "Coffee-DD",
    "Amount": 5
  },
  {
    "Reason": "Boredom",
    "Amount": 45
  },
  {
    "Reason": "Set Alarm",
    "Amount": 15
  },
  {
    "Reason": "Piazza",
    "Amount": 3
  },
  {
    "Reason": "Pictures",
    "Amount": 12
  },
  {
    "Reason": "Stalking",
    "Amount": 9
  }
]
}